tld,domain,country,server_type,technology,emails,phones
org,projectlife-line.org,US,Apache,"[""Apache HTTP Server"", ""Google Tag Manager"", ""PHP"", ""WordPress""]",lifeline@siyanclinical.com,
org,projectlikkuteisichos.org,US,Apache,"[""Apache HTTP Server"", ""Google Analytics"", ""PHP"", ""WordPress""]",,
org,missourihindutemple.org,US,Nginx,"[""NGINX"", ""PHP"", ""Stripe"", ""WooCommerce"", ""WordPress""]",,
org,projectmanagementworld.org,US,Nginx,"[""Apache HTTP Server"", ""NGINX"", ""PHP"", ""WordPress""]","pkchu520@gmail.com,pmw@projectmanagementworld.org",
org,projectmemoriesohio.org,US,Nginx,"[""NGINX"", ""PHP"", ""WordPress""]",,
org,projectmister.org,US,Apache,"[""Apache HTTP Server"", ""Google Tag Manager""]",info@thebreakfastgroup.org,
org,projectmisteronline.org,US,Apache,"[""Apache HTTP Server"", ""Google reCAPTCHA""]",april@backpackacademy.org,
org,neusa.org,US,Apache,"[""Apache HTTP Server""]",,
org,missouriindependent.org,US,Apache,"[""Apache HTTP Server"", ""Cloudflare"", ""Google Tag Manager"", ""PHP"", ""WordPress""]",,
org,projectnaught.org,US,Apache,"[""Apache HTTP Server"", ""Facebook"", ""PHP"", ""WordPress""]",hi@projectnaught.org,
org,projectnetworkinternational.org,US,LiteSpeed,"[""LiteSpeed Web Server"", ""PHP"", ""WooCommerce"", ""WordPress""]","alone7.ngo@gmail.com,info@projectnetworkinternational.org",
org,projectnoted.org,US,Apache,"[""Apache HTTP Server"", ""PHP"", ""WordPress""]",projectnoted@gmail.com,
org,worldclasstechnology.org,DE,Apache,"[""Apache HTTP Server"", ""Wix""]",info@worldclasstech.com,
org,projectone8.org,US,Nginx,"[""Apache HTTP Server"", ""NGINX"", ""PHP"", ""WordPress""]",,
org,projectorganic.org,US,Apache,"[""Apache HTTP Server"", ""PHP"", ""WordPress""]",alex@projectorganic.org,
org,missourimasternaturalist.org,PA,Apache,"[""Apache HTTP Server"", ""Google reCAPTCHA""]",,
org,projectpioneers.org,US,LiteSpeed,"[""Google Tag Manager"", ""LiteSpeed Web Server"", ""PHP"", ""WordPress""]","contact@projectpioneers.com,contact@projectpioneers.org,taylor@projectpioneers.org",+11234567890
org,projectpreventar.org,US,Apache,"[""Apache HTTP Server"", ""Google Tag Manager""]",,
org,projectpridesrq.org,US,Varnish,"[""Cloudflare"", ""Wix""]","ballroomcity@gmail.com,admin@ppsrq.org",
org,projectranger.org,ZA,Apache,"[""Apache HTTP Server"", ""Google Tag Manager"", ""PHP"", ""WordPress""]",info@greatplainsfoundation.com,
org,projectreclass.org,US,Apache,"[""Apache HTTP Server"", ""PHP"", ""WordPress""]",,
org,projectrollcall.org,US,Apache,"[""Apache HTTP Server"", ""Google Tag Manager""]",,
org,wwwtbp.org,AU,Apache,"[""AdBlock"", ""Apache HTTP Server""]",,
org,projectsatya.org,FR,Nginx,"[""NGINX"", ""PHP""]",projectsatya.connect@gmail.com,
org,projectscope1333.org,US,Varnish,"[""Cloudflare"", ""Facebook"", ""PayPal"", ""PHP"", ""WordPress""]",projectscope1333@gmail.com,
org,projectsepit.org,US,Nginx,"[""NGINX"", ""PHP"", ""WooCommerce"", ""WordPress""]",info@projectsepit.org,
org,projectsos2020.org,US,Nginx,"[""Apache HTTP Server"", ""NGINX"", ""PHP"", ""WordPress""]",projectsos2020@gmail.com,
org,projectsovereign.org,US,Nginx,"[""Google AdSense"", ""Apache HTTP Server"", ""Google Tag Manager"", ""NGINX"", ""PHP"", ""WooCommerce"", ""WordPress""]",info@alexhickman.co.uk,
org,projectsphere.org,US,Nginx,"[""Cloudflare"", ""Google Analytics"", ""Google Tag Manager"", ""NGINX"", ""PHP"", ""WordPress""]",,
org,youthgroupnz.org,NZ,Nginx,"[""NGINX""]",,
org,missreadbooks.org,CA,Nginx,"[""Cloudflare"", ""Google Analytics"", ""Shopify""]",,
org,missthemess.org,US,Nginx,"[""AdBlock"", ""NGINX""]",,
org,missto.org,IT,Nginx,"[""ASP.NET"", ""Microsoft IIS"", ""NGINX""]",,
org,projectstepone.org,IN,Apache,"[""Apache HTTP Server"", ""Facebook"", ""Google Tag Manager"", ""PHP"", ""WooCommerce"", ""WordPress""]",hello@projectstepone.org,
org,mist-association.org,FR,Apache,"[""Apache HTTP Server"", ""Google Tag Manager"", ""PHP"", ""WordPress""]",contact@mist-association.org,
org,mistaketionary.org,ZA,Apache,"[""Apache HTTP Server"", ""PHP""]",,
org,mister-fox.org,DE,Apache,"[""Apache HTTP Server"", ""PHP"", ""WordPress""]",,
org,misterdoorman.org,US,Nginx,"[""Google Tag Manager"", ""NGINX"", ""Varnish Cache""]",,
org,misterfpga.org,DE,Apache,"[""Apache HTTP Server"", ""phpBB""]",,
org,misteri88.org,SG,Apache,"[""Apache HTTP Server"", ""PHP""]",,
org,misteriosdelsantorosario.org,US,LiteSpeed,"[""Google AdSense"", ""Facebook"", ""Google Tag Manager"", ""PHP"", ""WordPress""]",,
org,midtownlive.org,US,Nginx,"[""Apache HTTP Server"", ""Google Tag Manager"", ""NGINX"", ""PHP"", ""WordPress""]",,
org,midtownmontroseparks.org,US,Apache,"[""Apache HTTP Server"", ""Google Tag Manager"", ""PHP"", ""WordPress""]",contact@midtownmontroseparks.org,
org,mistory-traumarecovery.org,US,Nginx,"[""Apache HTTP Server"", ""NGINX"", ""PHP"", ""Stripe"", ""WordPress""]",,
org,mistyca.org,US,LiteSpeed,"[""Google AdSense"", ""LiteSpeed Web Server"", ""PHP"", ""WordPress""]",,
org,mistycreekchurch.org,US,Apache,"[""Apache HTTP Server"", ""Facebook"", ""PHP"", ""Google reCAPTCHA"", ""WordPress""]",info@mistycreekchurch.org,
org,misula.org,IT,Apache,"[""Apache HTTP Server"", ""ASP.NET"", ""Cloudflare"", ""Microsoft IIS"", ""PHP"", ""Shopify""]",info@misulacosmetics.com,+11234567890
org,mit-k.org,DE,Apache,"[""Apache HTTP Server"", ""PHP"", ""WordPress""]",info@mit-k.org,
org,mjfglobal.org,GB,Nginx,"[""NGINX"", ""PHP"", ""Plesk""]",,
org,mjfssmu.org,LT,LiteSpeed,"[""LiteSpeed Web Server"", ""PHP"", ""WordPress""]",info@mjfssmu.org,
org,mjmadvisors.org,US,Apache,"[""Apache HTTP Server"", ""PHP"", ""WordPress""]",,
org,mjolnirscrirpt.org,DE,Apache,"[""Apache HTTP Server"", ""PHP""]",nemanja.zivanovic.86@hotmail.rs,
org,mjprojectrocks.org,US,Apache,"[""Apache HTTP Server"", ""PHP"", ""Stripe"", ""WordPress""]",,
org,mk-koegel.org,DE,Nginx,"[""Apache HTTP Server"", ""Google Tag Manager"", ""NGINX"", ""PHP"", ""TYPO3""]",info@mk-koegel.de,
org,mk9servicedogs.org,US,Nginx,"[""Apache HTTP Server"", ""NGINX"", ""PHP"", ""WordPress""]",mk9servicedogs@gmail.com,
org,projecttalktrial.org,US,Nginx,"[""Google Tag Manager"", ""NGINX"", ""PHP"", ""Plesk"", ""WordPress""]",,
org,xin88.org,SG,Apache,"[""Apache HTTP Server"", ""LiveChat""]",,
org,youthinai.org,DE,LiteSpeed,"[""PHP"", ""WordPress""]",info@youthinai.org,
org,mkacademie.org,DE,Nginx,"[""Apache HTTP Server"", ""Facebook"", ""NGINX"", ""PHP"", ""Google reCAPTCHA"", ""WordPress""]",,
org,mkagency.org,US,Apache,"[""Apache HTTP Server"", ""PHP"", ""WordPress""]",travel@mkagency.org,
org,mkarasawalab.org,JP,Apache,"[""Apache HTTP Server"", ""PHP"", ""WordPress""]",,
org,mkartfoundation.org,US,LiteSpeed,"[""Google Tag Manager"", ""Gravatar"", ""LiteSpeed Web Server"", ""PHP"", ""WordPress""]",info@mkartfoundation.org,
org,mkbase.org,JP,Nginx,"[""NGINX"", ""PHP"", ""WordPress""]",,
org,projectvis.org,US,Nginx,"[""Apache HTTP Server"", ""NGINX"", ""PHP"", ""WordPress""]",,
org,projectwomangood.org,US,Varnish,"[""PayPal"", ""Wix""]",julie@projectwomangood.org,
org,mkcwelfaretrust.org,US,Apache,"[""Apache HTTP Server"", ""Google Tag Manager"", ""PHP"", ""Stripe"", ""WordPress""]",contact@mkcwelfaretrust.org,
org,mkditi.org,IN,Nginx,"[""NGINX"", ""PHP"", ""Plesk""]",,
org,mkdr.org,RU,Apache,"[""Apache HTTP Server"", ""PHP"", ""WordPress""]",,
org,mkeparksfoundation.org,US,Apache,"[""Apache HTTP Server"", ""PHP"", ""WordPress""]",info@mkeparksfoundation.org,
org,redemptionroom.org,DE,Nginx,"[""NGINX""]",,
org,redemptionteam.org,KE,Apache,"[""Apache HTTP Server""]",,
org,mketechhub.org,US,Nginx,"[""Google Tag Manager"", ""NGINX"", ""PHP"", ""WordPress""]",contact@mketech.org,
org,mkfg.org,US,Apache,"[""Apache HTTP Server"", ""Google Tag Manager""]",,
org,mkj-found.org,KR,Nginx,"[""NGINX"", ""PHP""]",,
org,mkjapan.org,DE,LiteSpeed,"[""PHP"", ""WordPress""]",info@mkjapan.org,
org,mklighting.org,US,Apache,"[""Apache HTTP Server"", ""Google Tag Manager"", ""OpenResty""]",,
org,mklwealthfarms.org,US,Apache,"[""Apache HTTP Server"", ""PHP"", ""WordPress""]",,
org,mkmove.org,GB,Nginx,"[""ASP.NET"", ""Google Tag Manager"", ""Mailchimp"", ""Microsoft IIS"", ""NGINX"", ""PHP"", ""WordPress""]",,534396969619
org,mkmsanskritcollege.org,US,Apache,"[""Apache HTTP Server"", ""PHP"", ""WooCommerce"", ""WordPress""]","pr_sas_mkm@yahoo.com,sanskritcollegemkm@gmail.com",
org,mknef.org,SG,Apache,"[""Apache HTTP Server"", ""PHP""]",mknef@hotmail.com,+919225369205
org,mkoabiolacentre.org,US,Nginx,"[""NGINX"", ""PHP"", ""WordPress""]",info@mkoabiolacentre.org,
org,mkodakisi.org,TR,IIS,"[""ASP.NET"", ""Microsoft IIS"", ""PHP"", ""Plesk"", ""WordPress""]",,
org,mkoutdoor.org,US,Nginx,"[""NGINX"", ""PHP"", ""WordPress""]",,
org,mkpes.org,DE,Apache,"[""Apache HTTP Server"", ""Google Tag Manager"", ""PHP"", ""Stripe"", ""WordPress""]",,
org,mkpfrance.org,US,Nginx,"[""Google Tag Manager"", ""Gravatar"", ""NGINX"", ""PHP"", ""WordPress""]",contact@mkpfrance.org,
org,mkphillips.org,US,Nginx,"[""AdBlock"", ""NGINX""]",,
org,mkproduction.org,IN,Apache,"[""Apache HTTP Server"", ""Google Tag Manager""]",mkstudiopune@gmail.com,
org,mksb.org,FR,Apache,"[""Apache HTTP Server"", ""Google Tag Manager"", ""PHP"", ""Google reCAPTCHA"", ""WordPress""]",,+233547502109
org,mkshelpline.org,SG,Apache,"[""Apache HTTP Server"", ""PHP""]",,
org,projectyello.org,US,Apache,"[""Apache HTTP Server"", ""PHP"", ""WordPress""]",,+38733821388
org,mktonline.org,US,Apache,"[""Apache HTTP Server"", ""Google Tag Manager"", ""PHP"", ""WordPress""]",,
org,mkukcson.org,RU,Nginx,"[""NGINX"", ""PHP""]",mkukcson@yandex.ru,+91992410937
org,mkvmoviespoint.org,DE,LiteSpeed,"[""Google Tag Manager"", ""LiteSpeed Web Server"", ""PHP"", ""WordPress""]",,
org,ml-academy.org,US,Apache,"[""Apache HTTP Server"", ""PHP"", ""WordPress""]",,
org,ml-fairness.org,US,Apache,"[""Apache HTTP Server"", ""PHP""]",,
org,ml-lenslievin.org,DE,Apache,"[""Google AdSense"", ""Apache HTTP Server"", ""Google Tag Manager"", ""PHP"", ""WooCommerce"", ""WordPress""]",,
org,redrive.org,US,Nginx,"[""NGINX""]",,
org,kaarak.org,US,Varnish,"[""Wix""]",,
org,kaibowe.org,US,Varnish,"[""Wix""]",,
org,mlacpu.org,US,LiteSpeed,"[""Google Tag Manager"", ""LiteSpeed Web Server"", ""PHP""]",admissions@mlacw.edu.in,
org,mladezzaludskeprava.org,DE,Nginx,"[""NGINX"", ""PHP"", ""WordPress""]",info@mladezzaludskeprava.org,
org,redstatecoalition.org,US,Apache,"[""Apache HTTP Server""]",,
org,redstoneminer18.org,DE,Apache,"[""Apache HTTP Server""]",,
org,mlaj.org,JP,Apache,"[""Apache HTTP Server"", ""Google Tag Manager"", ""PHP"", ""Google reCAPTCHA"", ""WordPress""]",,
org,mlakademi.org,US,LiteSpeed,"[""LiteSpeed Web Server"", ""PHP"", ""WordPress""]",emuder09@gmail.com,+81345720144
org,mlalerte.org,US,Nginx,"[""NGINX"", ""PHP"", ""WordPress""]",,
org,reducesin.org,US,Apache,"[""Apache HTTP Server""]",,+233542976288
org,redwood-consultants.org,US,Apache,"[""Apache HTTP Server""]",,
org,redwoodministry.org,US,Apache,"[""Apache HTTP Server""]","info@redwoodministry.org,krewson@redwoodministry.org",
org,reesco.org,PL,Nginx,"[""Google Analytics""]","michal.kiersnowski@reesco.pl,marcin.sady@reesco.pl,marcin.szczecinski@reesco.pl,marta.krymarys@reesco.pl,arkadiusz.borowiecki@reesco.pl",
org,mlbcfoundation.org,US,Apache,"[""Apache HTTP Server"", ""Google Tag Manager""]",,
org,youthmovecuyahoga.org,US,Nginx,"[""Cloudflare"", ""PHP"", ""WordPress""]",,
org,projekt-clear.org,DE,Apache,"[""Apache HTTP Server"", ""Google Tag Manager"", ""PHP"", ""WordPress""]",,
org,youthofutkal.org,LT,LiteSpeed,"[""LiteSpeed Web Server""]",,
org,mlbro.org,RO,LiteSpeed,"[""LiteSpeed Web Server"", ""PHP"", ""WordPress""]",,
org,reforesttheworld.org,CH,Apache,"[""Apache HTTP Server""]",,
org,mlcinstitute.org,US,Nginx,"[""Apache HTTP Server"", ""Google Tag Manager"", ""NGINX"", ""PayPal""]",,+919881098676
org,mlconsult.org,ZA,Apache,"[""Apache HTTP Server"", ""PHP"", ""WordPress""]",admin@mlconsult.org,
org,mlcpublishing.org,US,Nginx,"[""Apache HTTP Server"", ""Google Tag Manager"", ""NGINX"", ""PHP"", ""WooCommerce"", ""WordPress""]",,
org,accompagnementnumerique.org,IT,Apache,"[""Apache HTTP Server""]",,
org,accompagnementsoignantsolidaire.org,FR,Apache,"[""Apache HTTP Server""]",,
org,mldgenetherapy.org,US,LiteSpeed,"[""Google Tag Manager"", ""LiteSpeed Web Server"", ""PHP"", ""Stripe"", ""WordPress""]",medinfo@orchard-tx.com,
org,accomplicite.org,FR,Nginx,"[""NGINX""]",,
org,accomplie.org,DE,Apache,"[""Apache HTTP Server"", ""Google Tag Manager"", ""PHP"", ""WordPress""]","info@accomplia.de,info@accomplie.com",
org,mldlnn.org,US,Nginx,"[""AdBlock"", ""NGINX""]",,
org,mldnewbornscreening.org,US,LiteSpeed,"[""Google Tag Manager"", ""LiteSpeed Web Server"", ""PHP"", ""Google reCAPTCHA"", ""WordPress""]",nbs@mldfoundation.org,
org,regen-index.org,FR,Nginx,"[""NGINX""]",,
org,agnesallen.org,US,Apache,"[""Apache HTTP Server""]",,
org,projekt-lebensbaum.org,DE,Apache,"[""Apache HTTP Server"", ""PHP"", ""WordPress""]",goraidh@projekt-lebensbaum.org,
org,mletkin.org,DE,Apache,"[""Apache HTTP Server"", ""PHP"", ""WordPress""]",,+919141064931
org,mlfalicante.org,ES,Apache,"[""Apache HTTP Server"", ""Google Tag Manager"", ""PHP"", ""WordPress""]",lf.alicante@mlfmonde.org,
org,mlfundacao.org,FR,Apache,"[""Apache HTTP Server"", ""PHP"", ""WordPress""]",,
org,mlhdev.org,US,Apache,"[""Apache HTTP Server"", ""Drupal"", ""Google Analytics"", ""Google Tag Manager"", ""PHP""]",,
org,mlhz.org,US,IIS,"[""ASP.NET"", ""Microsoft IIS""]",,
org,mlinpl.org,PL,LiteSpeed,"[""Google Tag Manager"", ""LiteSpeed Web Server"", ""PHP"", ""WordPress""]",contact@mlinpl.org,
org,mlkcivic.org,US,Varnish,"[""Cloudflare"", ""PHP"", ""WordPress""]",,
org,mlkcommemorativecommittee.org,US,Varnish,"[""Cloudflare"", ""PHP"", ""WordPress""]",,+88017667774444
org,mlkcougars.org,US,Nginx,"[""Facebook"", ""Google Tag Manager"", ""NGINX"", ""PHP"", ""Varnish Cache"", ""WordPress""]",rmjohnson@philasd.org,
org,mlkdreamkeepers.org,US,Apache,"[""Apache HTTP Server"", ""PHP"", ""WordPress""]",info@mlkdreamkeepers.org,
org,mlkjca.org,IT,Apache,"[""Apache HTTP Server"", ""PHP"", ""WordPress""]",,+48222913848
org,mlkluncheon.org,US,Apache,"[""Apache HTTP Server"", ""PHP""]",ishankinsfa@gmail.com,
org,mlkmemorialpark.org,US,Nginx,"[""NGINX"", ""PHP"", ""WordPress""]",,
org,mlks.org,US,Apache,"[""Apache HTTP Server"", ""PHP"", ""WordPress""]",,
org,mlkscholarshipsmilwaukee.org,CA,Apache,"[""Apache HTTP Server"", ""Google reCAPTCHA""]",,
org,mllcyoungstown.org,US,Apache,"[""Apache HTTP Server"", ""PHP"", ""WordPress""]","mllcyoungstown@yahoo.com,mlcyoungstown@yahoo.com",
org,mlmtruth.org,AU,LiteSpeed,"[""LiteSpeed Web Server"", ""PHP"", ""WordPress""]",,
org,mlodziezowa-rada.org,PL,Nginx,"[""NGINX"", ""PHP""]","bok@media-park.pl,kontakt@media-park.pl",
org,mlp-connect.org,DE,Apache,"[""Apache HTTP Server"", ""Google Tag Manager""]",,
org,mlp-konnex.org,DE,Apache,"[""Apache HTTP Server"", ""Google Tag Manager""]",,
org,mlparmar.org,IN,LiteSpeed,"[""LiteSpeed Web Server"", ""PHP""]",mlpccsit@gmail.com,
org,mlpgroup.org,CA,IIS,"[""ASP.NET"", ""Microsoft IIS""]",,
org,mlrach.org,US,LiteSpeed,"[""ASP.NET"", ""Microsoft IIS"", ""Plesk""]",,
org,mlscorporation.org,MT,Nginx,"[""AdBlock"", ""NGINX""]",,
org,mlsfrance.org,FR,Apache,"[""Apache HTTP Server"", ""Google Tag Manager"", ""PHP"", ""Google reCAPTCHA"", ""WordPress""]",,
org,mlsintheknow.org,US,Apache,"[""Apache HTTP Server"", ""Google Tag Manager""]",,
org,mltarts.org,US,Apache,"[""Apache HTTP Server"", ""Facebook"", ""Google Tag Manager"", ""PHP"", ""Google reCAPTCHA"", ""WordPress""]",,
org,mltblackequityatwork.org,US,Apache,"[""Apache HTTP Server"", ""Google Tag Manager"", ""PHP"", ""WordPress""]",,
org,mlzssainikpuri.org,US,Apache,"[""Apache HTTP Server"", ""Facebook"", ""Google Tag Manager"", ""PHP"", ""WooCommerce"", ""WordPress""]",admin@mlzssainikpuri.org,
org,mm-germany.org,DE,Apache,"[""Apache HTTP Server"", ""Cloudflare"", ""Shopify""]","info@mm-uhren.com,support@simprosys.com",
org,mm-healthcare.org,DE,Nginx,"[""Apache HTTP Server"", ""NGINX""]",info@mm-healthcare.org,
org,mm31.org,US,Varnish,"[""Google Tag Manager"", ""Magento"", ""NGINX"", ""PHP""]",,+34965262508
org,mmaatech.org,US,LiteSpeed,"[""LiteSpeed Web Server"", ""PHP"", ""WordPress""]",contact@mmaatech.org,
org,mmafederation.org,US,LiteSpeed,"[""Google Tag Manager"", ""PHP"", ""WordPress""]",mmafiofficial@gmail.com,
org,mmaip.org,US,Apache,"[""Apache HTTP Server"", ""PHP"", ""WordPress""]",,
org,mmaninja.org,US,Apache,"[""AdBlock"", ""Apache HTTP Server""]",,
org,mmapolska.org,US,Apache,"[""Apache HTTP Server"", ""Google Tag Manager""]",demomail@domail.com,
org,mmbstatuaryfund.org,US,Apache,"[""Apache HTTP Server"", ""Cloudflare"", ""Google Tag Manager"", ""Laravel""]",,
org,mmcath.org,JP,Nginx,"[""Google Tag Manager"", ""NGINX"", ""PHP"", ""WordPress""]",,
org,projektbusola.org,PL,IIS,"[""ASP.NET"", ""Microsoft IIS""]",,
org,mmcev.org,DE,Nginx,"[""Apache HTTP Server"", ""NGINX"", ""PHP"", ""Plesk""]","sarah.seiss@mmcev.org,anna.gieselmann@mmcev.org",
org,mmchpid.org,LT,LiteSpeed,"[""PHP"", ""WordPress""]",,
org,mmconference.org,US,Nginx,"[""NGINX"", ""PHP"", ""Google reCAPTCHA"", ""WooCommerce"", ""WordPress""]",info@huntvalleybaptist.com,
org,mmespune.org,SG,Apache,"[""Apache HTTP Server"", ""PHP""]",mmes.schools@gmail.com,
org,mmfilmesonlinex.org,AU,Apache,"[""AdBlock"", ""Apache HTTP Server""]",,
org,mmfstl.org,US,Apache,"[""Apache HTTP Server"", ""Google Tag Manager""]",,
org,mmfusa.org,US,Apache,"[""Apache HTTP Server"", ""Authorize.Net"", ""PHP"", ""WordPress""]",mothermeerafoundation@gmail.com,
org,mmgco.org,US,Apache,"[""Apache HTTP Server"", ""PHP"", ""WordPress""]",,
org,mmgik.org,PL,LiteSpeed,"[""Facebook"", ""Joomla"", ""LiteSpeed Web Server"", ""PHP""]",muzeum@mmgik.org,
org,mmgphil.org,US,Nginx,"[""Apache HTTP Server"", ""Facebook"", ""NGINX"", ""PHP"", ""WordPress""]",info@mmgphil.org,
org,mminds.org,US,Apache,"[""Apache HTTP Server"", ""Google Tag Manager"", ""PHP"", ""WordPress""]",,
org,mmindustrial.org,US,Apache,"[""Apache HTTP Server"", ""Google Tag Manager"", ""PHP"", ""WordPress""]",,
org,mministry.org,US,Apache,"[""Apache HTTP Server"", ""Google Tag Manager"", ""PHP"", ""WordPress""]",info@mministry.org,
org,mmitkasganj.org,US,LiteSpeed,"[""Cloudflare"", ""PHP"", ""WordPress""]",,
org,mmitzununija.org,US,Apache,"[""Apache HTTP Server"", ""PHP"", ""WordPress""]",,
org,mmjccmdaycamp.org,US,Nginx,"[""Apache HTTP Server"", ""Drupal"", ""Google Tag Manager"", ""LiveChat"", ""NGINX"", ""PHP""]",,
org,mmjpro.org,US,LiteSpeed,"[""Google Tag Manager"", ""LiteSpeed Web Server"", ""PHP"", ""WordPress""]",,
org,mmktrust.org,CA,LiteSpeed,"[""LiteSpeed Web Server"", ""PHP""]","mkmsscholarship@gmail.com,mmktrust.org@gmail.com,sbshahidbilal@gmail.com",
org,mmmanagement.org,US,Apache,"[""Apache HTTP Server"", ""OpenResty""]",,
org,mmmca.org,US,Nginx,"[""NGINX"", ""PHP"", ""WordPress""]",,
org,mmmfiji.org,NZ,Nginx,"[""Google Tag Manager"", ""NGINX""]",,+265998296815
org,mmmmajor.org,US,Nginx,"[""Google Tag Manager"", ""NGINX"", ""PHP"", ""WordPress""]",,
org,mmmoebel.org,DE,Apache,"[""Apache HTTP Server"", ""Drupal"", ""PHP""]",,
org,mmmoscque.org,US,LiteSpeed,"[""LiteSpeed Web Server"", ""PHP"", ""WordPress""]",,+919821803242
org,mmmppines.org,US,LiteSpeed,"[""LiteSpeed Web Server"", ""PHP"", ""WordPress""]",info@mmmppines.org,
org,mmmtrichy.org,US,Nginx,"[""Apache HTTP Server"", ""PHP""]",,
org,mmnbs.org,US,LiteSpeed,"[""Facebook"", ""LiteSpeed Web Server"", ""PHP"", ""WordPress""]",,+11265988975
org,mmofsa.org,US,Apache,"[""Apache HTTP Server"", ""LiteSpeed Web Server"", ""PHP"", ""WordPress""]",,
org,mmoft.org,US,Nginx,"[""Apache HTTP Server"", ""NGINX"", ""PHP"", ""WordPress""]",,
org,mmomc.org,US,Apache,"[""Apache HTTP Server"", ""PHP""]",pbustos@bustosassociates.com,
org,mmortho.org,CH,Apache,"[""Apache HTTP Server"", ""PayPal"", ""PHP"", ""Google reCAPTCHA"", ""WordPress""]",adlampert@gmail.com,
org,mmotcp.org,US,Apache,"[""Apache HTTP Server"", ""PHP"", ""WordPress""]",,
org,mmplan.org,JP,Nginx,"[""NGINX"", ""PHP"", ""Google reCAPTCHA"", ""WordPress""]",,
org,mmrecoverywithcannabis.org,US,Apache,"[""Apache HTTP Server"", ""PHP"", ""WooCommerce"", ""WordPress""]",,
org,mmrti.org,US,IIS,"[""ASP.NET"", ""Facebook"", ""Microsoft IIS"", ""Plesk""]",mmrtiparamedical@rediffmail.com,
org,regenerativefarmcollective.org,US,Apache,"[""Apache HTTP Server""]",,
org,mmsaabstractworks.org,US,IIS,"[""ASP.NET"", ""Microsoft IIS""]",,
org,mmsanctuary.org,US,Nginx,"[""Facebook"", ""NGINX"", ""PayPal"", ""Plesk""]",paypal@mmsanctuary.org,
org,mmscrapcarbuyers.org,IN,Nginx,"[""Google Tag Manager"", ""NGINX""]",mmautoscrapcarbuyers@gmail.com,
org,mmsgirlsorphanage.org,US,Apache,"[""Apache HTTP Server"", ""PHP"", ""WordPress""]",,
org,region-martigny.org,CH,Apache,"[""Apache HTTP Server""]",,
org,mmtravels.org,DE,LiteSpeed,"[""LiteSpeed Web Server"", ""PHP"", ""WordPress""]",,
org,mmttt.org,RU,Nginx,"[""NGINX"", ""PHP"", ""WordPress""]",ndc_tg@mail.ru,
org,mmvmintercollege.org,IN,IIS,"[""ASP.NET"", ""Google Tag Manager"", ""Microsoft IIS"", ""Plesk""]",mmvmlko@gmail.com,+919415162471
org,mmwavecoalition.org,US,Apache,"[""Apache HTTP Server"", ""PHP"", ""WordPress""]",,
org,mmwills.org,US,Apache,"[""Apache HTTP Server"", ""PHP""]",,
org,mmwnetwork.org,US,Apache,"[""Apache HTTP Server"", ""PHP"", ""WordPress""]",,
org,mmxmedia.org,NL,Apache,"[""Apache HTTP Server"", ""PHP"", ""WooCommerce"", ""WordPress""]",info@mmxmedia.org,
org,mn-ccc.org,US,Apache,"[""Apache HTTP Server"", ""PHP"", ""WooCommerce"", ""WordPress""]",info@mn-ccc.org,
org,mn365.org,US,Apache,"[""Apache HTTP Server"", ""PHP"", ""WordPress""]",,
org,mna-taylor.org,DE,Apache,"[""Apache HTTP Server"", ""Gravatar"", ""PHP"", ""WordPress""]",,
org,mnacovidresponse.org,US,Nginx,"[""Google Tag Manager"", ""NGINX"", ""PHP""]",,
org,mnakm.org,US,Apache,"[""Apache HTTP Server"", ""PHP""]",bsim@pcanet.org,
org,mnaresult.org,IE,Nginx,"[""Apache HTTP Server"", ""NGINX"", ""PHP"", ""Plesk"", ""Varnish Cache"", ""WordPress""]",,
org,mnarts.org,US,Apache,"[""Apache HTTP Server"", ""Google Tag Manager"", ""PHP"", ""WooCommerce"", ""WordPress""]",hello@mnarts.org,
org,mnblockchain.org,US,Apache,"[""Apache HTTP Server"", ""Google Tag Manager"", ""PHP"", ""WooCommerce"", ""WordPress""]",connect@mnblockchain.org,
org,mncbc.org,DE,Nginx,"[""Cloudflare"", ""Google Analytics"", ""PHP"", ""WordPress""]",,
org,mncfpa.org,US,Apache,"[""Apache HTTP Server"", ""PHP"", ""WordPress""]",,
org,mncoalition.org,US,Nginx,"[""NGINX"", ""PHP"", ""WordPress""]",,
org,mncollections.org,US,Apache,"[""Apache HTTP Server"", ""Google Tag Manager""]",gibson@mnhistoryalliance.org,
org,mncorrectionscaseplan.org,US,IIS,"[""ASP.NET"", ""Microsoft IIS""]",helpdesk@sti-software.com,
org,mncraftbeerpac.org,US,Nginx,"[""Apache HTTP Server"", ""NGINX"", ""PHP"", ""WordPress""]",info@mncraftbeerpac.org,
org,mncreative.org,DE,Apache,"[""Apache HTTP Server"", ""PHP"", ""Google reCAPTCHA"", ""WordPress""]",info@mncreative.de,
org,mnd-smart.org,GB,Apache,"[""Apache HTTP Server"", ""Drupal"", ""Google Analytics"", ""Google Tag Manager"", ""PHP""]",,
org,mndaily.org,US,Apache,"[""Google AdSense"", ""Apache HTTP Server"", ""Cloudflare"", ""Google Tag Manager"", ""PHP"", ""WordPress""]",,+918873771070
org,mndailymedia.org,US,Nginx,"[""NGINX"", ""PHP"", ""WordPress""]",,
org,mndfck.org,PL,LiteSpeed,"[""LiteSpeed Web Server"", ""PHP"", ""WordPress""]",,
org,mndhbrasil.org,US,Apache,"[""Apache HTTP Server"", ""Google Analytics"", ""PHP"", ""WordPress""]",contato@mndh.org.br,
org,mndindia.org,US,Apache,"[""Apache HTTP Server"", ""PHP""]",mndindiaorg@gmail.com,
org,mndp-tchad.org,US,Apache,"[""Apache HTTP Server"", ""PHP"", ""WordPress""]",infos@mndp-tchad.org,
org,mne2020.org,JP,Apache,"[""Apache HTTP Server"", ""PHP"", ""WordPress""]",,+41277204949
org,mnenevseravno.org,RU,Nginx,"[""Google Tag Manager"", ""NGINX"", ""PHP"", ""WordPress""]",noreply@envato.com,
org,mnfoodshed.org,US,Nginx,"[""Google Tag Manager"", ""NGINX"", ""PHP"", ""Plesk"", ""WordPress""]",mncooks@mfu.org,
org,mnfreemasons.org,US,Apache,"[""Apache HTTP Server"", ""Facebook"", ""Google Tag Manager"", ""PHP"", ""WordPress""]",,
org,mngaromtaani.org,FR,LiteSpeed,"[""PHP"", ""WordPress""]","info@mngaromtaani.org,mngaromtaani@gmail.com",
org,mnghealth.org,US,Nginx,"[""Cloudflare"", ""Google Analytics"", ""Google Tag Manager"", ""NGINX""]",,
org,mngsf.org,NL,Nginx,"[""Apache HTTP Server"", ""NGINX"", ""PHP""]",,
org,mniangsana.org,ID,LiteSpeed,"[""LiteSpeed Web Server"", ""PHP"", ""WordPress""]",info@mniangsana.org,
org,mninwamahlangu.org,US,LiteSpeed,"[""LiteSpeed Web Server"", ""PHP"", ""WordPress""]",,
org,mnisek.org,CZ,Nginx,"[""NGINX"", ""PHP"", ""WordPress""]","zs-mnisek@iol.cz,skolka@zsmnisek.com",
org,mnjazzed.org,US,Apache,"[""Apache HTTP Server"", ""PHP"", ""WordPress""]",,
org,mnki.org,SG,Nginx,"[""Laravel"", ""NGINX""]",yourmail@email.com,
org,mnkindness.org,US,Nginx,"[""NGINX"", ""PayPal"", ""PHP"", ""Plesk"", ""WordPress""]",mnkindness@gmail.com,
org,mnkt.org,IE,Nginx,"[""Google Tag Manager"", ""Jimdo"", ""NGINX""]",,
org,mnlawpatan.org,IN,Apache,"[""Apache HTTP Server"", ""PHP""]",mnlawptn238@gmail.com,
org,mnlerc.org,US,Apache,"[""NGINX"", ""PHP"", ""WordPress""]",skhovanes@gmail.com,
org,mnm365.org,US,Apache,"[""Apache HTTP Server"", ""PHP"", ""WordPress""]",,
org,mnmlc.org,US,Nginx,"[""NGINX"", ""PHP"", ""WordPress""]",mnmlc2018@gmail.com,0496145354
org,mnoal.org,GB,Apache,"[""Apache HTTP Server"", ""PHP"", ""WordPress""]",,
org,mnpedu.org,IN,IIS,"[""ASP.NET"", ""Microsoft IIS"", ""Plesk""]",maxnxt836@gmail.com,
org,mnpnails.org,IT,Nginx,"[""ASP.NET"", ""Microsoft IIS"", ""NGINX""]",,
org,mnreformer.org,US,Apache,"[""Apache HTTP Server"", ""Cloudflare"", ""Google Tag Manager"", ""PHP"", ""WordPress""]",,
org,mnrhs.org,US,LiteSpeed,"[""LiteSpeed Web Server"", ""PHP"", ""WordPress""]",,
org,mnsav.org,US,Apache,"[""Apache HTTP Server"", ""Facebook"", ""PHP"", ""WordPress""]",chair@mgacepc.org,
org,mnschooljobs.org,US,Nginx,"[""Google Analytics"", ""Google Tag Manager"", ""NGINX"", ""PHP"", ""Piwik (Matomo)"", ""Google reCAPTCHA"", ""WordPress""]",support@mnschooljobs.org,
org,mnsoilhealth.org,US,Apache,"[""Apache HTTP Server"", ""Google Tag Manager"", ""PHP"", ""Google reCAPTCHA"", ""WooCommerce"", ""WordPress""]",,
org,mnspeedlimitvision.org,US,Apache,"[""Apache HTTP Server"", ""PHP"", ""WordPress""]",,
org,mnt4p.org,US,Apache,"[""Apache HTTP Server"", ""Google Tag Manager"", ""PHP"", ""WordPress""]",,
org,mnto-jp.org,IE,Nginx,"[""Google Tag Manager"", ""Jimdo"", ""NGINX""]",m.kumori@kwbs-jp.com,
org,mnupstream.org,US,Apache,"[""Apache HTTP Server"", ""Google Tag Manager"", ""PHP"", ""WooCommerce"", ""WordPress""]",hello@mnupstream.org,+23566033992
org,mnvr.org,AU,Apache,"[""AdBlock"", ""Apache HTTP Server""]",,
org,mnweg.org,DK,Apache,"[""Apache HTTP Server"", ""Varnish Cache""]",info@mnweg.org,
org,mnyk-lab.org,JP,Nginx,"[""Google AdSense"", ""Google Tag Manager"", ""NGINX"", ""PHP"", ""WordPress""]",,
org,mo-foundation.org,US,Nginx,"[""Google Tag Manager"", ""Mailchimp"", ""NGINX"", ""PHP"", ""WordPress""]",hello@mo-foundation.org,
org,moaacfc.org,US,LiteSpeed,"[""Facebook"", ""Google Tag Manager"", ""Gravatar"", ""LiteSpeed Web Server"", ""PayPal"", ""PHP"", ""WordPress""]","webmaster@moaacfc.org,contactus@moaacfc.org",+254725293797
org,moaanbessanaturalhealthcare.org,US,Nginx,"[""NGINX"", ""Wix""]",,
org,moaasusquehanna.org,US,IIS,"[""ASP.NET"", ""Microsoft IIS""]",jrl@nonprofitdynamics.com,
org,moabfiredepartment.org,US,Apache,"[""Apache HTTP Server"", ""PHP"", ""WordPress""]",,
org,moabingo.org,NO,Apache,"[""Apache HTTP Server"", ""PHP""]",,
org,moadmdc.org,US,Apache,"[""Apache HTTP Server"", ""Google Tag Manager""]",,+420773791371
org,moamch.org,KR,IIS,"[""Microsoft IIS"", ""PHP""]",,
org,moana-pacific.org,US,Nginx,"[""Apache HTTP Server"", ""PHP"", ""WordPress""]",gm@moana-pacific.org,
org,rehayi.org,DE,Apache,"[""Apache HTTP Server""]",,
org,moaswf.org,US,Apache,"[""Apache HTTP Server"", ""Google Tag Manager"", ""PHP"", ""WordPress""]",,
org,moaye.org,IE,Nginx,"[""Google Tag Manager"", ""Jimdo"", ""NGINX""]",davidakaki@moaye.org,
org,mobaderoonsys.org,CA,IIS,"[""ASP.NET"", ""Microsoft IIS"", ""Plesk""]",,
org,mobalib.org,FR,Nginx,"[""Cloudflare"", ""NGINX"", ""Vercel""]",,
org,mobapiglobal.org,US,LiteSpeed,"[""Google Tag Manager"", ""LiteSpeed Web Server"", ""PHP"", ""WordPress""]",info@mobapiglobal.org,
org,reiferscheid.org,DE,Nginx,"[""NGINX""]",,
org,mobartech.org,IT,Apache,"[""Apache HTTP Server"", ""PHP"", ""WordPress""]",,
org,mobbingstoppenkinderstaerken.org,DE,Nginx,"[""NGINX"", ""PHP"", ""Plesk"", ""WordPress""]",,
org,mobclc.org,US,Nginx,"[""NGINX"", ""PHP"", ""WordPress""]","20mobclc@gmail.com,mobclc@gmail.com",
org,mobclinic.org,RU,Nginx,"[""NGINX"", ""PHP""]",,
org,reimaginedspaces.org,US,Apache,"[""Apache HTTP Server""]",,
org,reimaginingearth.org,IN,Nginx,"[""Apache HTTP Server""]",reimagining.earth@gmail.com,
org,mobenka.org,ES,Apache,"[""Apache HTTP Server"", ""PHP""]",info@mobenka.com,+6514857848
org,mobi-druck.org,DE,Nginx,"[""Apache HTTP Server"", ""NGINX"", ""PHP"", ""Piwik (Matomo)""]",info@mobidruck.de,
org,mobi-print.org,DE,Nginx,"[""Apache HTTP Server"", ""NGINX"", ""PHP"", ""Piwik (Matomo)""]",info@mobidruck.de,
org,mobibiz.org,DE,Apache,"[""Apache HTTP Server"", ""PHP"", ""WordPress""]",,
org,rejoignons-nous.org,FR,Nginx,"[""Apache HTTP Server""]",,
org,mobidb.org,IT,Apache,"[""Apache HTTP Server"", ""Google Tag Manager""]",,
